Constituency,BNP,Jamaat,Seats
Dhaka-17,52.5,38.2,1
Bogura-6,54.1,36.8,1
Dhaka-15,42.3,48.5,1
Cumilla-4,35.2,55.8,1
Dhaka-14,49.8,45.2,1
Tangail-1,51.2,39.5,1
Netrokona-2,53.4,37.1,1
Kishoreganj-4,50.8,40.2,1
Chattogram-3,47.9,43.5,1
Sylhet-2,48.5,44.8,1
Rajshahi-4,52.0,39.0,1
Khulna-3,49.3,42.1,1
Rangpur-5,51.8,38.9,1
Mymensingh-6,50.5,41.2,1
Barisal-3,48.2,43.9,1
